name,email,age
Johnnie Mayer,Ross.Reynolds21@hotmail.com,35
Myrtle Waters,Edmund_Funk@gmail.com,99
Flora Rodriguez I,Willie.Bogisich@gmail.com,84
Dr. Cecilia Konopelski-Lakin,Felicia75@gmail.com,87
Chelsea Boyle-Stoltenberg,Regina.Emard97@yahoo.com,83
Seth Mraz,Cecilia_Blanda89@gmail.com,24
Thelma Kris-Schinner,Johnnie.Jast93@hotmail.com,6
Thomas Hane,Dominic24@yahoo.com,93
Della Hickle,Leon_Rohan@hotmail.com,35
Kristi Durgan,Maria_Schmeler9@hotmail.com,70
Brad Sawayn,Tyler.Dach57@gmail.com,112
Isabel Crist Jr.,Cecilia_Braun54@yahoo.com,63
Allen Roob,Sandra.Heidenreich4@yahoo.com,40
Robin Wilkinson,Brent_Wilkinson2@hotmail.com,62
Martin Flatley,Gabriel23@hotmail.com,13
Delia Walker IV,Leticia_Schinner@yahoo.com,78
Blanca Durgan,Christina27@gmail.com,1
Ellen Hudson,Matthew.Medhurst69@gmail.com,111
Bobby Bayer,Erick_Brekke36@gmail.com,110
Karen Pfannerstill,Amber.Steuber-Greenfelder@gmail.com,49
Vanessa Kihn-Durgan,Lorena.Schuppe@hotmail.com,49
Grace Sporer,George38@yahoo.com,50
Krista Herzog-Paucek,Shawn.Tremblay@hotmail.com,109
Doyle Schaden,Clarence.Berge@hotmail.com,30
Beth Crooks,Sean.Bradtke99@yahoo.com,36
Doyle Botsford,Wilfred.Dickinson@hotmail.com,70
Santos Skiles,Joey22@gmail.com,17
Ms. Gina Kuhic,Debbie83@hotmail.com,78
Garry Pfeffer,Lora_Heathcote91@yahoo.com,105
Annie Rogahn,June.Kuhn24@hotmail.com,92
Hubert Gerlach,Alice99@hotmail.com,3
Clark Willms,Leo25@gmail.com,45
Natalie Lesch PhD,Marilyn76@yahoo.com,76
Pauline Cremin,Geraldine.Langworth27@hotmail.com,50
Nellie Labadie,Clay75@hotmail.com,27
Felipe Barrows,Clint37@yahoo.com,47
Derrick Mitchell Jr.,Mark_Fritsch67@hotmail.com,52
James Boehm,Terry9@hotmail.com,54
Darrin Fritsch,Leland.Mills@yahoo.com,50
Blanca Osinski,Annette56@yahoo.com,96
Inez Walker,Fannie_Wolff-Schinner@gmail.com,19
Deanna Kunze,Colleen.Hayes@gmail.com,109
Angela Emmerich,Martin12@yahoo.com,1
Sidney Kertzmann,Angelo_Krajcik@yahoo.com,10
Miguel Stokes Sr.,Sheila86@hotmail.com,82
Cedric McLaughlin,Al.Towne@yahoo.com,21
Kendra Hauck,Jordan1@gmail.com,58
Spencer Larson,Rickey65@gmail.com,110
Claudia Collins,Timothy12@gmail.com,3
Ernest Frami,Elijah_Mante32@gmail.com,108
Fred Bailey,Shaun_Pagac@yahoo.com,23
Lillie Feeney MD,Lester32@hotmail.com,29
Salvador Collier,Alfredo.Bogisich68@gmail.com,50
Kathleen Prosacco,Ervin.Nitzsche16@hotmail.com,5
Arlene Bednar,Rickey7@yahoo.com,24
Gayle Towne,Cora.Nitzsche@yahoo.com,108
Alison Carroll,William.Wisoky@hotmail.com,5
Simon Legros,Lindsey6@gmail.com,61
Lucas Larkin,Chelsea_Kohler@hotmail.com,20
Dr. Jerome Jaskolski,Russell_VonRueden93@yahoo.com,107
Delores Friesen,Shaun.Jacobson21@yahoo.com,76
Owen Walker,Sophie.Will35@yahoo.com,110
Danny Rippin,Darryl_Mann@hotmail.com,22
Mona Maggio-Schimmel,Albert6@hotmail.com,34
Dr. Myra Jacobson PhD,Rudy_Shields59@hotmail.com,23
Eunice Crona,Leland.Harris@hotmail.com,82
Essie Ortiz,Johnnie.Rutherford-Beatty5@yahoo.com,47
Lucia Ullrich,Dallas71@yahoo.com,81
Michael Wintheiser,Brendan_Hilll@hotmail.com,75
Tanya Lemke,Jessie_OConner38@hotmail.com,117
Marian Kassulke,Yvonne25@hotmail.com,104
Aubrey Senger,Darrell.Feeney0@yahoo.com,62
Mrs. Alexis Runolfsson,Krista.Crooks@hotmail.com,84
Van Klocko,Derrick.Collier53@yahoo.com,95
Veronica Dicki,Horace.Gulgowski56@hotmail.com,3
Paulette Abshire,Velma_Flatley26@gmail.com,25
Jill Senger MD,Keith64@hotmail.com,81
Betsy Stracke,Sidney.Wolff38@yahoo.com,11
Dr. Ronald Murray,Billie.Runolfsson@hotmail.com,15
Mr. Marc Zieme,Wendy.Kessler-Adams91@yahoo.com,53
Danielle Von,Delbert.Robel@gmail.com,34
Mack Moore,Sherry45@yahoo.com,96
Mrs. Sabrina Cassin,Marshall_Daugherty20@yahoo.com,104
Cameron Bailey,Anita_Pagac@yahoo.com,9
Lewis Nolan Sr.,Geraldine.Crooks18@gmail.com,7
Sally Howell,Mamie.Parisian@hotmail.com,97
Dr. Rosie King,Dale19@yahoo.com,51
Dwight Raynor,Yvonne_Barrows13@yahoo.com,65
Debbie Parker,George_Bahringer@hotmail.com,33
Carolyn Denesik,Jean.Jacobi@yahoo.com,5
Lula Pfeffer,Inez.Brown25@gmail.com,22
Danielle Block,Lauren_Crooks74@hotmail.com,109
Alexis Runolfsdottir DDS,Dan81@hotmail.com,41
Jeremy Weber,Enrique20@hotmail.com,75
Claudia Kreiger,Krystal.Ziemann27@hotmail.com,90
Thomas McLaughlin,Angelo_Gleichner@yahoo.com,118
Bradley Bogisich,Marlon.Oberbrunner@yahoo.com,17
Elsie Schmitt,Julio55@yahoo.com,2
Fernando Wiegand,Paul.Lindgren59@hotmail.com,20
Mr. Clay Kirlin-Mann,Lucia_Powlowski87@yahoo.com,91
Grace Vandervort,Maria_Gulgowski@yahoo.com,84
Monica Abbott,Elsie.Kuphal76@hotmail.com,88
Nancy Mueller,Jimmy_Wolf@yahoo.com,42
Andrea Bernier-Abbott,Forrest43@hotmail.com,16
Mr. Carlos Abbott,Edna_Spinka@hotmail.com,50
Carl Tromp-Mraz,Lucas.Will60@gmail.com,3
Irma Kutch,Marcus65@gmail.com,77
Jake Ankunding,Marion_Hessel58@gmail.com,75
Clint Lebsack,Jennifer.Schimmel@yahoo.com,22
Miss Ana Pouros,Kelvin68@yahoo.com,80
Sheldon Daniel,Stuart.Larkin96@hotmail.com,113
Travis Crooks,Adrienne.OConner71@yahoo.com,22
Clifton Dickinson,Melvin_Bergstrom@yahoo.com,97
Saul Waelchi,Kristi_Connelly70@yahoo.com,19
Julie Mueller,Roger.Jenkins25@hotmail.com,40
Estelle Krajcik,Cristina_Little